id;start_date;end_date;language
1;2025-02-13T22:20:33;2025-02-14T02:49:34;FRENCH
2;2025-02-13T15:47:36;2025-02-14T12:19:10;FRENCH
3;2025-02-14T14:44:08;2025-02-14T13:15:29;FRENCH
4;2025-02-14T01:25:13;2025-02-14T04:00:31;FRENCH
5;2025-02-14T12:30:04;2025-02-14T05:06:20;ENGLISH
6;2025-02-13T18:00:22;2025-02-14T02:43:43;FRENCH
7;2025-02-14T01:45:09;2025-02-14T05:37:13;ENGLISH
8;2025-02-14T00:43:45;2025-02-13T17:16:16;SPANISH
9;2025-02-13T21:41:58;2025-02-13T16:41:55;SPANISH
10;2025-02-13T17:19:37;2025-02-14T12:14:37;ENGLISH
